{"count":1,"self":48.2832224,"total":48.691491899999995,"children":{"InitializeActuators":{"count":32,"self":0.0015007999999999998,"total":0.0015007999999999998,"children":null},"InitializeSensors":{"count":32,"self":0.0010006,"total":0.0010006,"children":null},"AgentSendState":{"count":2189,"self":0.0080105,"total":0.033037699999999996,"children":{"CollectObservations":{"count":14016,"self":0.013514499999999999,"total":0.013514499999999999,"children":null},"WriteActionMask":{"count":14016,"self":0.0020028999999999997,"total":0.0020028999999999997,"children":null},"RequestDecision":{"count":14016,"self":0.0095097999999999988,"total":0.0095097999999999988,"children":null}}},"DecideAction":{"count":2189,"self":0.3206829,"total":0.3206829,"children":null},"AgentAct":{"count":2189,"self":0.0515481,"total":0.0515481,"children":null}},"gauges":{"DodgeObstacle.CumulativeReward":{"count":241,"max":100,"min":-6.975765,"runningAverage":63.8603172,"value":-5.5115633,"weightedAverage":63.46526}},"metadata":{"timer_format_version":"0.1.0","start_time_seconds":"1715802386","unity_version":"2022.3.11f1","command_line_arguments":"D:\\Programs\\Unity Editors\\2022.3.11f1\\Editor\\Unity.exe -projectpath D:\\Programs\\Unity_Workspace\\RF Project V0.5 -useHub -hubIPC -cloudEnvironment production -licensingIpc LicenseClient-Alp -hubSessionId 1710a3a2-99df-4fa7-ab2e-1bbdaac12afe -accessToken O2F7pcMv6HCm8sgWMcEYC6XPqLLW9fGXyC6xBOAzAfI011f","communication_protocol_version":"1.5.0","com.unity.ml-agents_version":"2.0.0-exp.1","scene_name":"SampleScene","end_time_seconds":"1715802434"}}